{"cameraMode":{"drawMode":0,"name":"Shaded","section":"Shading Mode"},"sceneLighting":true,"audioPlay":false,"sceneViewState":{"m_AlwaysRefresh":true,"showFog":true,"showSkybox":true,"showFlares":true,"showImageEffects":true,"showParticleSystems":true,"showVisualEffectGraphs":true,"m_FxEnabled":true},"in2DMode":false,"pivot":{"x":216.8651580810547,"y":1.8243823051452637,"z":-20.166757583618165},"rotation":{"x":0.22300483286380769,"y":0.5158670544624329,"z":-0.14119069278240205,"w":0.8150495886802673},"size":10.538067817687989,"orthographic":false}