{"cameraMode":{"drawMode":0,"name":"Shaded","section":"Shading Mode"},"sceneLighting":true,"audioPlay":false,"sceneViewState":{"m_AlwaysRefresh":true,"showFog":true,"showSkybox":true,"showFlares":true,"showImageEffects":true,"showParticleSystems":true,"showVisualEffectGraphs":true,"m_FxEnabled":true},"in2DMode":false,"pivot":{"x":210.5736846923828,"y":20.459331512451173,"z":-103.35902404785156},"rotation":{"x":-0.004922152496874332,"y":0.9939506649971008,"z":-0.09766732156276703,"w":-0.05005991831421852},"size":16.173736572265626,"orthographic":false}